Model,Train Precision,Train Recall,Train F1-Score,Test Precision,Test Recall,Test F1-Score
Dummy,0.5591397849462365,0.47706422018348627,0.5148514851485149,0.5909090909090909,0.6842105263157895,0.6341463414634146
Naive Bayes,0.9537037037037037,0.944954128440367,0.9493087557603687,1.0,0.9473684210526315,0.972972972972973
KNN,0.9811320754716981,0.9541284403669725,0.9674418604651163,1.0,0.8947368421052632,0.9444444444444444
Logistic Regression,0.9903846153846154,0.944954128440367,0.9671361502347418,1.0,0.8421052631578947,0.9142857142857143
Multinomial Logistic Regression,0.5736842105263158,1.0,0.7290969899665551,0.5588235294117647,1.0,0.7169811320754716
Decision Tree,1.0,0.9908256880733946,0.9953917050691244,0.9473684210526315,0.9473684210526315,0.9473684210526315
Random Forest,1.0,1.0,1.0,1.0,0.9473684210526315,0.972972972972973
XGBoost,0.9819819819819819,1.0,0.990909090909091,1.0,0.9473684210526315,0.972972972972973
